{
  "accuracy": [
    0.7921960949897766,
    0.8797451257705688,
    0.8986666798591614,
    0.9098235368728638,
    0.9164901971817017,
    0.9232156872749329,
    0.927647054195404,
    0.9330195784568787,
    0.9348235130310059,
    0.9396666884422302,
    0.9401764869689941,
    0.9440000057220459,
    0.9450392127037048,
    0.9552353024482727,
    0.9583333134651184,
    0.9606666564941406,
    0.9631176590919495,
    0.9674901962280273,
    0.9667254686355591,
    0.9705686569213867
  ],
  "loss": [
    0.5896559357643127,
    0.32861560583114624,
    0.2784322202205658,
    0.24645021557807922,
    0.22662025690078735,
    0.20833124220371246,
    0.1969563066959381,
    0.18068958818912506,
    0.17592288553714752,
    0.1638687551021576,
    0.1567693054676056,
    0.1507664918899536,
    0.14268645644187927,
    0.11667060106992722,
    0.10974721610546112,
    0.10520770400762558,
    0.09358395636081696,
    0.08651042729616165,
    0.0854419693350792,
    0.07647929340600967
  ],
  "val_accuracy": [
    0.8640000224113464,
    0.8968889117240906,
    0.9105555415153503,
    0.9177777767181396,
    0.9232222437858582,
    0.9240000247955322,
    0.9225555658340454,
    0.9251111149787903,
    0.926111102104187,
    0.9300000071525574,
    0.9326666593551636,
    0.9316666722297668,
    0.9322222471237183,
    0.9369999766349792,
    0.9318888783454895,
    0.937666654586792,
    0.937666654586792,
    0.9404444694519043,
    0.9398888945579529,
    0.9396666884422302
  ],
  "val_loss": [
    1.6924285888671875,
    0.7226216793060303,
    0.2900945544242859,
    0.22041170299053192,
    0.2179204225540161,
    0.2110944390296936,
    0.20932519435882568,
    0.2065516859292984,
    0.20309455692768097,
    0.19785910844802856,
    0.19478893280029297,
    0.20510676503181458,
    0.19771872460842133,
    0.1904984563589096,
    0.20183034241199493,
    0.1909651905298233,
    0.1862010508775711,
    0.19254180788993835,
    0.18755893409252167,
    0.19053338468074799
  ],
  "learning_rate": [
    0.0010000000474974513,
    0.0010000000474974513,
    0.0010000000474974513,
    0.0010000000474974513,
    0.0010000000474974513,
    0.0010000000474974513,
    0.0010000000474974513,
    0.0010000000474974513,
    0.0010000000474974513,
    0.0010000000474974513,
    0.0010000000474974513,
    0.0010000000474974513,
    0.0010000000474974513,
    0.0005000000237487257,
    0.0005000000237487257,
    0.0005000000237487257,
    0.0002500000118743628,
    0.0002500000118743628,
    0.0002500000118743628,
    0.0001250000059371814
  ]
}